{
    "loss": 32.36103820800781,
    "accuracy": 0.5474452376365662
}