{
    "loss": 1.1190153360366821,
    "accuracy": 0.9197080135345459
}